部品,面,基準軸1,位置1(端から mm),基準軸2,位置2(端から mm),穴径,加工,用途
Y Frame Tube L,+X面(右)から貫通,Y,25,Z,19.5,Φ7,貫通,横桁締結 M6全ネジ
Y Frame Tube L,+X面(右)から貫通,Y,386,Z,19.5,Φ7,貫通,横桁締結 M6全ネジ
Y Frame Tube L,+X面(右)から貫通,Y,747,Z,19.5,Φ7,貫通,横桁締結 M6全ネジ
Y Frame Tube L,+X面(右)から貫通,Y,25,Z,55.5,Φ7,貫通,横桁締結 M6全ネジ
Y Frame Tube L,+X面(右)から貫通,Y,386,Z,55.5,Φ7,貫通,横桁締結 M6全ネジ
Y Frame Tube L,+X面(右)から貫通,Y,747,Z,55.5,Φ7,貫通,横桁締結 M6全ネジ
Y Frame Tube L,+Z面(上),X,25,Y,122,Φ4.2,片側の壁のみ,Yレール M5タップ
Y Frame Tube L,+Z面(上),X,25,Y,182,Φ4.2,片側の壁のみ,Yレール M5タップ
Y Frame Tube L,+Z面(上),X,25,Y,242,Φ4.2,片側の壁のみ,Yレール M5タップ
Y Frame Tube L,+Z面(上),X,25,Y,302,Φ4.2,片側の壁のみ,Yレール M5タップ
Y Frame Tube L,+Z面(上),X,25,Y,362,Φ4.2,片側の壁のみ,Yレール M5タップ
Y Frame Tube L,+Z面(上),X,25,Y,422,Φ4.2,片側の壁のみ,Yレール M5タップ
Y Frame Tube L,+Z面(上),X,25,Y,482,Φ4.2,片側の壁のみ,Yレール M5タップ
Y Frame Tube L,+Z面(上),X,25,Y,542,Φ4.2,片側の壁のみ,Yレール M5タップ
Y Frame Tube L,+Z面(上),X,25,Y,602,Φ4.2,片側の壁のみ,Yレール M5タップ
Y Frame Tube L,+Z面(上),X,25,Y,662,Φ4.2,片側の壁のみ,Yレール M5タップ
Y Frame Tube R,+X面(右)から貫通,Y,25,Z,19.5,Φ7,貫通,横桁締結 M6全ネジ
Y Frame Tube R,+X面(右)から貫通,Y,386,Z,19.5,Φ7,貫通,横桁締結 M6全ネジ
Y Frame Tube R,+X面(右)から貫通,Y,747,Z,19.5,Φ7,貫通,横桁締結 M6全ネジ
Y Frame Tube R,+X面(右)から貫通,Y,25,Z,55.5,Φ7,貫通,横桁締結 M6全ネジ
Y Frame Tube R,+X面(右)から貫通,Y,386,Z,55.5,Φ7,貫通,横桁締結 M6全ネジ
Y Frame Tube R,+X面(右)から貫通,Y,747,Z,55.5,Φ7,貫通,横桁締結 M6全ネジ
Y Frame Tube R,+Z面(上),X,25,Y,122,Φ4.2,片側の壁のみ,Yレール M5タップ
Y Frame Tube R,+Z面(上),X,25,Y,182,Φ4.2,片側の壁のみ,Yレール M5タップ
Y Frame Tube R,+Z面(上),X,25,Y,242,Φ4.2,片側の壁のみ,Yレール M5タップ
Y Frame Tube R,+Z面(上),X,25,Y,302,Φ4.2,片側の壁のみ,Yレール M5タップ
Y Frame Tube R,+Z面(上),X,25,Y,362,Φ4.2,片側の壁のみ,Yレール M5タップ
Y Frame Tube R,+Z面(上),X,25,Y,422,Φ4.2,片側の壁のみ,Yレール M5タップ
Y Frame Tube R,+Z面(上),X,25,Y,482,Φ4.2,片側の壁のみ,Yレール M5タップ
Y Frame Tube R,+Z面(上),X,25,Y,542,Φ4.2,片側の壁のみ,Yレール M5タップ
Y Frame Tube R,+Z面(上),X,25,Y,602,Φ4.2,片側の壁のみ,Yレール M5タップ
Y Frame Tube R,+Z面(上),X,25,Y,662,Φ4.2,片側の壁のみ,Yレール M5タップ
X Frame Tube 1,+Z面(上),X,54.5,Y,13,Φ4.2,片側の壁のみ,Y HM12-57 台座 M5タップ
X Frame Tube 1,+Z面(上),X,570.5,Y,13,Φ4.2,片側の壁のみ,Y HM12-57 台座 M5タップ
X Frame Tube 1,+Z面(上),X,54.5,Y,37,Φ4.2,片側の壁のみ,Y HM12-57 台座 M5タップ
X Frame Tube 1,+Z面(上),X,570.5,Y,37,Φ4.2,片側の壁のみ,Y HM12-57 台座 M5タップ
X Frame Tube 3,+Z面(上),X,54.5,Y,13,Φ4.2,片側の壁のみ,Y BF12 台座 M5タップ
X Frame Tube 3,+Z面(上),X,570.5,Y,13,Φ4.2,片側の壁のみ,Y BF12 台座 M5タップ
X Frame Tube 3,+Z面(上),X,54.5,Y,37,Φ4.2,片側の壁のみ,Y BF12 台座 M5タップ
X Frame Tube 3,+Z面(上),X,570.5,Y,37,Φ4.2,片側の壁のみ,Y BF12 台座 M5タップ
Y Roller L,+Z面(上),X,11,Y,30,Φ12,片側の壁のみ,工具挿入穴 (M6頭用)
Y Roller L,+Z面(上),X,64,Y,30,Φ12,片側の壁のみ,工具挿入穴 (M6頭用)
Y Roller L,+Z面(上),X,11,Y,70,Φ12,片側の壁のみ,工具挿入穴 (M6頭用)
Y Roller L,+Z面(上),X,64,Y,70,Φ12,片側の壁のみ,工具挿入穴 (M6頭用)
Y Roller L,+Z面(上),X,11,Y,230,Φ12,片側の壁のみ,工具挿入穴 (M6頭用)
Y Roller L,+Z面(上),X,64,Y,230,Φ12,片側の壁のみ,工具挿入穴 (M6頭用)
Y Roller L,+Z面(上),X,11,Y,270,Φ12,片側の壁のみ,工具挿入穴 (M6頭用)
Y Roller L,+Z面(上),X,64,Y,270,Φ12,片側の壁のみ,工具挿入穴 (M6頭用)
Y Roller L,-X面(左)から貫通,Z,25,Y,50,Φ6.6,貫通,ローラー貫通ボルト M6
Y Roller L,-X面(左)から貫通,Z,25,Y,130,Φ6.6,貫通,ローラー貫通ボルト M6
Y Roller L,-X面(左)から貫通,Z,25,Y,170,Φ6.6,貫通,ローラー貫通ボルト M6
Y Roller L,-X面(左)から貫通,Z,25,Y,250,Φ6.6,貫通,ローラー貫通ボルト M6
Y Roller L,-Z面(下),Y,30,X,11,Φ6.6,片側の壁のみ,Yキャリッジ M6
Y Roller L,-Z面(下),Y,70,X,11,Φ6.6,片側の壁のみ,Yキャリッジ M6
Y Roller L,-Z面(下),Y,230,X,11,Φ6.6,片側の壁のみ,Yキャリッジ M6
Y Roller L,-Z面(下),Y,270,X,11,Φ6.6,片側の壁のみ,Yキャリッジ M6
Y Roller L,-Z面(下),Y,30,X,64,Φ6.6,片側の壁のみ,Yキャリッジ M6
Y Roller L,-Z面(下),Y,70,X,64,Φ6.6,片側の壁のみ,Yキャリッジ M6
Y Roller L,-Z面(下),Y,230,X,64,Φ6.6,片側の壁のみ,Yキャリッジ M6
Y Roller L,-Z面(下),Y,270,X,64,Φ6.6,片側の壁のみ,Yキャリッジ M6
Upright L,-X面(左)から貫通,Z,40,Y,25,Φ6.6,貫通,支柱貫通ボルト M6
Upright L,-X面(左)から貫通,Z,80,Y,25,Φ6.6,貫通,支柱貫通ボルト M6
Y Roller Brace Inner L,-X面(左)から貫通,Z,25,Y,50,Φ6.6,貫通,ローラー貫通ボルト M6
Y Roller Brace Inner L,-X面(左)から貫通,Z,25,Y,130,Φ6.6,貫通,ローラー貫通ボルト M6
Y Roller Brace Inner L,-X面(左)から貫通,Z,90,Y,150,Φ6.6,貫通,支柱貫通ボルト M6
Y Roller Brace Inner L,-X面(左)から貫通,Z,130,Y,150,Φ6.6,貫通,支柱貫通ボルト M6
Y Roller Brace Inner L,-X面(左)から貫通,Z,25,Y,170,Φ6.6,貫通,ローラー貫通ボルト M6
Y Roller Brace Inner L,-X面(左)から貫通,Z,25,Y,250,Φ6.6,貫通,ローラー貫通ボルト M6
Y Roller Brace Outer L,-X面(左)から貫通,Z,25,Y,50,Φ6.6,貫通,ローラー貫通ボルト M6
Y Roller Brace Outer L,-X面(左)から貫通,Z,25,Y,130,Φ6.6,貫通,ローラー貫通ボルト M6
Y Roller Brace Outer L,-X面(左)から貫通,Z,90,Y,150,Φ6.6,貫通,支柱貫通ボルト M6
Y Roller Brace Outer L,-X面(左)から貫通,Z,130,Y,150,Φ6.6,貫通,支柱貫通ボルト M6
Y Roller Brace Outer L,-X面(左)から貫通,Z,194.5,Y,150,Φ7,貫通,ガントリー締結 M6全ネジ
Y Roller Brace Outer L,-X面(左)から貫通,Z,230.5,Y,150,Φ7,貫通,ガントリー締結 M6全ネジ
Y Roller Brace Outer L,-X面(左)から貫通,Z,269.5,Y,150,Φ7,貫通,ガントリー締結 M6全ネジ
Y Roller Brace Outer L,-X面(左)から貫通,Z,305.5,Y,150,Φ7,貫通,ガントリー締結 M6全ネジ
Y Roller Brace Outer L,-X面(左)から貫通,Z,25,Y,170,Φ6.6,貫通,ローラー貫通ボルト M6
Y Roller Brace Outer L,-X面(左)から貫通,Z,25,Y,250,Φ6.6,貫通,ローラー貫通ボルト M6
Y Nut Bracket L,-X面(左)から貫通,Z,50,Y,17.5,Φ6.6,貫通,ブレース経由でローラーに共締め
Y Nut Bracket L,-X面(左)から貫通,Z,50,Y,57.5,Φ6.6,貫通,ブレース経由でローラーに共締め
Y Nut Bracket L,-Y面(手前)から貫通,X,22.6,Z,16.6,Φ5.5,貫通,ナットフランジ M5 (現物合わせ)
Y Nut Bracket L,-Y面(手前)から貫通,X,49.4,Z,16.6,Φ5.5,貫通,ナットフランジ M5 (現物合わせ)
Y Nut Bracket L,-Y面(手前)から貫通,X,36,Z,30,Φ29,貫通,SFU1610 ナット胴
Y Nut Bracket L,-Y面(手前)から貫通,X,22.6,Z,43.4,Φ5.5,貫通,ナットフランジ M5 (現物合わせ)
Y Nut Bracket L,-Y面(手前)から貫通,X,49.4,Z,43.4,Φ5.5,貫通,ナットフランジ M5 (現物合わせ)
Y HM12-57 Spacer L,+Z面(上)から貫通,X,40,Y,10.5,Φ5.5,貫通,台座固定 M5 皿ボルト
Y HM12-57 Spacer L,+Z面(上)から貫通,X,17,Y,22.5,Φ4.2,貫通,HM12-57 取付 M5タップ
Y HM12-57 Spacer L,+Z面(上)から貫通,X,63,Y,22.5,Φ4.2,貫通,HM12-57 取付 M5タップ
Y HM12-57 Spacer L,+Z面(上)から貫通,X,40,Y,34.5,Φ5.5,貫通,台座固定 M5 皿ボルト
Y BF12 Spacer L,+Z面(上)から貫通,X,40,Y,10.5,Φ5.5,貫通,台座固定 M5 皿ボルト
Y BF12 Spacer L,+Z面(上)から貫通,X,17,Y,22.5,Φ4.2,貫通,BF12 取付 M5タップ
Y BF12 Spacer L,+Z面(上)から貫通,X,63,Y,22.5,Φ4.2,貫通,BF12 取付 M5タップ
Y BF12 Spacer L,+Z面(上)から貫通,X,40,Y,34.5,Φ5.5,貫通,台座固定 M5 皿ボルト
Y Roller R,+X面(右)から貫通,Y,50,Z,25,Φ6.6,貫通,ローラー貫通ボルト M6
Y Roller R,+X面(右)から貫通,Y,130,Z,25,Φ6.6,貫通,ローラー貫通ボルト M6
Y Roller R,+X面(右)から貫通,Y,170,Z,25,Φ6.6,貫通,ローラー貫通ボルト M6
Y Roller R,+X面(右)から貫通,Y,250,Z,25,Φ6.6,貫通,ローラー貫通ボルト M6
Y Roller R,+Z面(上),X,11,Y,30,Φ12,片側の壁のみ,工具挿入穴 (M6頭用)
Y Roller R,+Z面(上),X,64,Y,30,Φ12,片側の壁のみ,工具挿入穴 (M6頭用)
Y Roller R,+Z面(上),X,11,Y,70,Φ12,片側の壁のみ,工具挿入穴 (M6頭用)
Y Roller R,+Z面(上),X,64,Y,70,Φ12,片側の壁のみ,工具挿入穴 (M6頭用)
Y Roller R,+Z面(上),X,11,Y,230,Φ12,片側の壁のみ,工具挿入穴 (M6頭用)
Y Roller R,+Z面(上),X,64,Y,230,Φ12,片側の壁のみ,工具挿入穴 (M6頭用)
Y Roller R,+Z面(上),X,11,Y,270,Φ12,片側の壁のみ,工具挿入穴 (M6頭用)
Y Roller R,+Z面(上),X,64,Y,270,Φ12,片側の壁のみ,工具挿入穴 (M6頭用)
Y Roller R,-Z面(下),Y,30,X,11,Φ6.6,片側の壁のみ,Yキャリッジ M6
Y Roller R,-Z面(下),Y,70,X,11,Φ6.6,片側の壁のみ,Yキャリッジ M6
Y Roller R,-Z面(下),Y,230,X,11,Φ6.6,片側の壁のみ,Yキャリッジ M6
Y Roller R,-Z面(下),Y,270,X,11,Φ6.6,片側の壁のみ,Yキャリッジ M6
Y Roller R,-Z面(下),Y,30,X,64,Φ6.6,片側の壁のみ,Yキャリッジ M6
Y Roller R,-Z面(下),Y,70,X,64,Φ6.6,片側の壁のみ,Yキャリッジ M6
Y Roller R,-Z面(下),Y,230,X,64,Φ6.6,片側の壁のみ,Yキャリッジ M6
Y Roller R,-Z面(下),Y,270,X,64,Φ6.6,片側の壁のみ,Yキャリッジ M6
Upright R,+X面(右)から貫通,Y,25,Z,40,Φ6.6,貫通,支柱貫通ボルト M6
Upright R,+X面(右)から貫通,Y,25,Z,80,Φ6.6,貫通,支柱貫通ボルト M6
Y Roller Brace Inner R,+X面(右)から貫通,Y,50,Z,25,Φ6.6,貫通,ローラー貫通ボルト M6
Y Roller Brace Inner R,+X面(右)から貫通,Y,130,Z,25,Φ6.6,貫通,ローラー貫通ボルト M6
Y Roller Brace Inner R,+X面(右)から貫通,Y,170,Z,25,Φ6.6,貫通,ローラー貫通ボルト M6
Y Roller Brace Inner R,+X面(右)から貫通,Y,250,Z,25,Φ6.6,貫通,ローラー貫通ボルト M6
Y Roller Brace Inner R,+X面(右)から貫通,Y,150,Z,90,Φ6.6,貫通,支柱貫通ボルト M6
Y Roller Brace Inner R,+X面(右)から貫通,Y,150,Z,130,Φ6.6,貫通,支柱貫通ボルト M6
Y Roller Brace Outer R,+X面(右)から貫通,Y,50,Z,25,Φ6.6,貫通,ローラー貫通ボルト M6
Y Roller Brace Outer R,+X面(右)から貫通,Y,130,Z,25,Φ6.6,貫通,ローラー貫通ボルト M6
Y Roller Brace Outer R,+X面(右)から貫通,Y,170,Z,25,Φ6.6,貫通,ローラー貫通ボルト M6
Y Roller Brace Outer R,+X面(右)から貫通,Y,250,Z,25,Φ6.6,貫通,ローラー貫通ボルト M6
Y Roller Brace Outer R,+X面(右)から貫通,Y,150,Z,90,Φ6.6,貫通,支柱貫通ボルト M6
Y Roller Brace Outer R,+X面(右)から貫通,Y,150,Z,130,Φ6.6,貫通,支柱貫通ボルト M6
Y Roller Brace Outer R,+X面(右)から貫通,Y,150,Z,194.5,Φ7,貫通,ガントリー締結 M6全ネジ
Y Roller Brace Outer R,+X面(右)から貫通,Y,150,Z,230.5,Φ7,貫通,ガントリー締結 M6全ネジ
Y Roller Brace Outer R,+X面(右)から貫通,Y,150,Z,269.5,Φ7,貫通,ガントリー締結 M6全ネジ
Y Roller Brace Outer R,+X面(右)から貫通,Y,150,Z,305.5,Φ7,貫通,ガントリー締結 M6全ネジ
Y Nut Bracket R,+X面(右)から貫通,Y,17.5,Z,50,Φ6.6,貫通,ブレース経由でローラーに共締め
Y Nut Bracket R,+X面(右)から貫通,Y,57.5,Z,50,Φ6.6,貫通,ブレース経由でローラーに共締め
Y Nut Bracket R,-Y面(手前)から貫通,X,25.6,Z,16.6,Φ5.5,貫通,ナットフランジ M5 (現物合わせ)
Y Nut Bracket R,-Y面(手前)から貫通,X,52.4,Z,16.6,Φ5.5,貫通,ナットフランジ M5 (現物合わせ)
Y Nut Bracket R,-Y面(手前)から貫通,X,39,Z,30,Φ29,貫通,SFU1610 ナット胴
Y Nut Bracket R,-Y面(手前)から貫通,X,25.6,Z,43.4,Φ5.5,貫通,ナットフランジ M5 (現物合わせ)
Y Nut Bracket R,-Y面(手前)から貫通,X,52.4,Z,43.4,Φ5.5,貫通,ナットフランジ M5 (現物合わせ)
Y HM12-57 Spacer R,+Z面(上)から貫通,X,40,Y,10.5,Φ5.5,貫通,台座固定 M5 皿ボルト
Y HM12-57 Spacer R,+Z面(上)から貫通,X,17,Y,22.5,Φ4.2,貫通,HM12-57 取付 M5タップ
Y HM12-57 Spacer R,+Z面(上)から貫通,X,63,Y,22.5,Φ4.2,貫通,HM12-57 取付 M5タップ
Y HM12-57 Spacer R,+Z面(上)から貫通,X,40,Y,34.5,Φ5.5,貫通,台座固定 M5 皿ボルト
Y BF12 Spacer R,+Z面(上)から貫通,X,40,Y,10.5,Φ5.5,貫通,台座固定 M5 皿ボルト
Y BF12 Spacer R,+Z面(上)から貫通,X,17,Y,22.5,Φ4.2,貫通,BF12 取付 M5タップ
Y BF12 Spacer R,+Z面(上)から貫通,X,63,Y,22.5,Φ4.2,貫通,BF12 取付 M5タップ
Y BF12 Spacer R,+Z面(上)から貫通,X,40,Y,34.5,Φ5.5,貫通,台座固定 M5 皿ボルト
X Gantry Tube Lower,-Y面(手前),X,75,Z,37.5,Φ4.2,片側の壁のみ,Xレール M5タップ
X Gantry Tube Lower,-Y面(手前),X,135,Z,37.5,Φ4.2,片側の壁のみ,Xレール M5タップ
X Gantry Tube Lower,-Y面(手前),X,195,Z,37.5,Φ4.2,片側の壁のみ,Xレール M5タップ
X Gantry Tube Lower,-Y面(手前),X,255,Z,37.5,Φ4.2,片側の壁のみ,Xレール M5タップ
X Gantry Tube Lower,-Y面(手前),X,315,Z,37.5,Φ4.2,片側の壁のみ,Xレール M5タップ
X Gantry Tube Lower,-Y面(手前),X,375,Z,37.5,Φ4.2,片側の壁のみ,Xレール M5タップ
X Gantry Tube Lower,-Y面(手前),X,435,Z,37.5,Φ4.2,片側の壁のみ,Xレール M5タップ
X Gantry Tube Lower,-Y面(手前),X,495,Z,37.5,Φ4.2,片側の壁のみ,Xレール M5タップ
X Gantry Tube Lower,-Y面(手前),X,555,Z,37.5,Φ4.2,片側の壁のみ,Xレール M5タップ
X Gantry Tube Lower,-Y面(手前),X,615,Z,37.5,Φ4.2,片側の壁のみ,Xレール M5タップ
X Gantry Tube Lower,-Y面(手前),X,675,Z,37.5,Φ4.2,片側の壁のみ,Xレール M5タップ
X Gantry Tube Upper,+Z面(上),X,28,Y,25,Φ4.2,片側の壁のみ,X BF12 台座 M5タップ
X Gantry Tube Upper,+Z面(上),X,52,Y,25,Φ4.2,片側の壁のみ,X BF12 台座 M5タップ
X Gantry Tube Upper,+Z面(上),X,698,Y,25,Φ4.2,片側の壁のみ,X HM12-57 台座 M5タップ
X Gantry Tube Upper,+Z面(上),X,722,Y,25,Φ4.2,片側の壁のみ,X HM12-57 台座 M5タップ
X Gantry Tube Upper,-Y面(手前),X,75,Z,37.5,Φ4.2,片側の壁のみ,Xレール M5タップ
X Gantry Tube Upper,-Y面(手前),X,135,Z,37.5,Φ4.2,片側の壁のみ,Xレール M5タップ
X Gantry Tube Upper,-Y面(手前),X,195,Z,37.5,Φ4.2,片側の壁のみ,Xレール M5タップ
X Gantry Tube Upper,-Y面(手前),X,255,Z,37.5,Φ4.2,片側の壁のみ,Xレール M5タップ
X Gantry Tube Upper,-Y面(手前),X,315,Z,37.5,Φ4.2,片側の壁のみ,Xレール M5タップ
X Gantry Tube Upper,-Y面(手前),X,375,Z,37.5,Φ4.2,片側の壁のみ,Xレール M5タップ
X Gantry Tube Upper,-Y面(手前),X,435,Z,37.5,Φ4.2,片側の壁のみ,Xレール M5タップ
X Gantry Tube Upper,-Y面(手前),X,495,Z,37.5,Φ4.2,片側の壁のみ,Xレール M5タップ
X Gantry Tube Upper,-Y面(手前),X,555,Z,37.5,Φ4.2,片側の壁のみ,Xレール M5タップ
X Gantry Tube Upper,-Y面(手前),X,615,Z,37.5,Φ4.2,片側の壁のみ,Xレール M5タップ
X Gantry Tube Upper,-Y面(手前),X,675,Z,37.5,Φ4.2,片側の壁のみ,Xレール M5タップ
X HM12-57 Spacer,+Z面(上)から貫通,X,22.5,Y,17,Φ4.2,貫通,HM12-57 取付 M5タップ
X HM12-57 Spacer,+Z面(上)から貫通,X,10.5,Y,40,Φ5.5,貫通,台座固定 M5 皿ボルト
X HM12-57 Spacer,+Z面(上)から貫通,X,34.5,Y,40,Φ5.5,貫通,台座固定 M5 皿ボルト
X HM12-57 Spacer,+Z面(上)から貫通,X,22.5,Y,63,Φ4.2,貫通,HM12-57 取付 M5タップ
X BF12 Spacer,+Z面(上)から貫通,X,22.5,Y,17,Φ4.2,貫通,BF12 取付 M5タップ
X BF12 Spacer,+Z面(上)から貫通,X,10.5,Y,40,Φ5.5,貫通,台座固定 M5 皿ボルト
X BF12 Spacer,+Z面(上)から貫通,X,34.5,Y,40,Φ5.5,貫通,台座固定 M5 皿ボルト
X BF12 Spacer,+Z面(上)から貫通,X,22.5,Y,63,Φ4.2,貫通,BF12 取付 M5タップ
X Roller Plate,-Y面(手前)から貫通,X,30,Z,12,Φ6.6,貫通,Xキャリッジ M6 (前面から座ぐりΦ11 深6.5)
X Roller Plate,-Y面(手前)から貫通,X,70,Z,12,Φ6.6,貫通,Xキャリッジ M6 (前面から座ぐりΦ11 深6.5)
X Roller Plate,-Y面(手前)から貫通,X,150,Z,12,Φ6.6,貫通,Xキャリッジ M6 (前面から座ぐりΦ11 深6.5)
X Roller Plate,-Y面(手前)から貫通,X,190,Z,12,Φ6.6,貫通,Xキャリッジ M6 (前面から座ぐりΦ11 深6.5)
X Roller Plate,-Y面(手前)から貫通,X,30,Z,65,Φ6.6,貫通,Xキャリッジ M6 (前面から座ぐりΦ11 深6.5)
X Roller Plate,-Y面(手前)から貫通,X,70,Z,65,Φ6.6,貫通,Xキャリッジ M6 (前面から座ぐりΦ11 深6.5)
X Roller Plate,-Y面(手前)から貫通,X,150,Z,65,Φ6.6,貫通,Xキャリッジ M6 (前面から座ぐりΦ11 深6.5)
X Roller Plate,-Y面(手前)から貫通,X,190,Z,65,Φ6.6,貫通,Xキャリッジ M6 (前面から座ぐりΦ11 深6.5)
X Roller Plate,-Y面(手前)から貫通,X,37,Z,73.7,Φ4.5,貫通,Zキャリッジ M4
X Roller Plate,-Y面(手前)から貫通,X,63,Z,73.7,Φ4.5,貫通,Zキャリッジ M4
X Roller Plate,-Y面(手前)から貫通,X,157,Z,73.7,Φ4.5,貫通,Zキャリッジ M4
X Roller Plate,-Y面(手前)から貫通,X,183,Z,73.7,Φ4.5,貫通,Zキャリッジ M4
X Roller Plate,-Y面(手前)から貫通,X,30,Z,87,Φ6.6,貫通,Xキャリッジ M6 (前面から座ぐりΦ11 深6.5)
X Roller Plate,-Y面(手前)から貫通,X,70,Z,87,Φ6.6,貫通,Xキャリッジ M6 (前面から座ぐりΦ11 深6.5)
X Roller Plate,-Y面(手前)から貫通,X,150,Z,87,Φ6.6,貫通,Xキャリッジ M6 (前面から座ぐりΦ11 深6.5)
X Roller Plate,-Y面(手前)から貫通,X,190,Z,87,Φ6.6,貫通,Xキャリッジ M6 (前面から座ぐりΦ11 深6.5)
X Roller Plate,-Y面(手前)から貫通,X,37,Z,99.7,Φ4.5,貫通,Zキャリッジ M4
X Roller Plate,-Y面(手前)から貫通,X,63,Z,99.7,Φ4.5,貫通,Zキャリッジ M4
X Roller Plate,-Y面(手前)から貫通,X,157,Z,99.7,Φ4.5,貫通,Zキャリッジ M4
X Roller Plate,-Y面(手前)から貫通,X,183,Z,99.7,Φ4.5,貫通,Zキャリッジ M4
X Roller Plate,-Y面(手前)から貫通,X,92,Z,124.7,Φ5.5,貫通,Zナットブロック M5 (現物合わせ)
X Roller Plate,-Y面(手前)から貫通,X,128,Z,124.7,Φ5.5,貫通,Zナットブロック M5 (現物合わせ)
X Roller Plate,-Y面(手前)から貫通,X,30,Z,140,Φ6.6,貫通,Xキャリッジ M6 (前面から座ぐりΦ11 深6.5)
X Roller Plate,-Y面(手前)から貫通,X,70,Z,140,Φ6.6,貫通,Xキャリッジ M6 (前面から座ぐりΦ11 深6.5)
X Roller Plate,-Y面(手前)から貫通,X,150,Z,140,Φ6.6,貫通,Xキャリッジ M6 (前面から座ぐりΦ11 深6.5)
X Roller Plate,-Y面(手前)から貫通,X,190,Z,140,Φ6.6,貫通,Xキャリッジ M6 (前面から座ぐりΦ11 深6.5)
X Roller Plate,-Y面(手前)から貫通,X,92,Z,148.7,Φ5.5,貫通,Zナットブロック M5 (現物合わせ)
X Roller Plate,-Y面(手前)から貫通,X,128,Z,148.7,Φ5.5,貫通,Zナットブロック M5 (現物合わせ)
X Roller Plate,-Y面(手前)から貫通,X,37,Z,173.7,Φ4.5,貫通,Zキャリッジ M4
X Roller Plate,-Y面(手前)から貫通,X,63,Z,173.7,Φ4.5,貫通,Zキャリッジ M4
X Roller Plate,-Y面(手前)から貫通,X,157,Z,173.7,Φ4.5,貫通,Zキャリッジ M4
X Roller Plate,-Y面(手前)から貫通,X,183,Z,173.7,Φ4.5,貫通,Zキャリッジ M4
X Roller Plate,-Y面(手前)から貫通,X,125,Z,186,Φ6.6,貫通,Xナットブラケット M6
X Roller Plate,-Y面(手前)から貫通,X,142,Z,186,Φ6.6,貫通,Xナットブラケット M6
X Roller Plate,-Y面(手前)から貫通,X,37,Z,199.7,Φ4.5,貫通,Zキャリッジ M4
X Roller Plate,-Y面(手前)から貫通,X,63,Z,199.7,Φ4.5,貫通,Zキャリッジ M4
X Roller Plate,-Y面(手前)から貫通,X,157,Z,199.7,Φ4.5,貫通,Zキャリッジ M4
X Roller Plate,-Y面(手前)から貫通,X,183,Z,199.7,Φ4.5,貫通,Zキャリッジ M4
X Nut Bracket,+Y面(奥)から貫通,Z,30,X,20,Φ6.6,貫通,Xナットブラケット M6
X Nut Bracket,+Y面(奥)から貫通,Z,30,X,37,Φ6.6,貫通,Xナットブラケット M6
X Nut Bracket,-X面(左)から貫通,Z,16.6,Y,41.6,Φ5.5,貫通,ナットフランジ M5 (現物合わせ)
X Nut Bracket,-X面(左)から貫通,Z,43.4,Y,41.6,Φ5.5,貫通,ナットフランジ M5 (現物合わせ)
X Nut Bracket,-X面(左)から貫通,Z,30,Y,55,Φ29,貫通,SFU1610 ナット胴
X Nut Bracket,-X面(左)から貫通,Z,16.6,Y,68.4,Φ5.5,貫通,ナットフランジ M5 (現物合わせ)
X Nut Bracket,-X面(左)から貫通,Z,43.4,Y,68.4,Φ5.5,貫通,ナットフランジ M5 (現物合わせ)
Z Plate,-Y面(手前)から貫通,X,22.5,Z,20,Φ4.5,貫通,Zレール M4 (前面から皿ボルト)
Z Plate,-Y面(手前)から貫通,X,142.5,Z,20,Φ4.5,貫通,Zレール M4 (前面から皿ボルト)
Z Plate,-Y面(手前)から貫通,X,47.5,Z,45,Φ6.6,貫通,スピンドルクランプ M6 (現物合わせ)
Z Plate,-Y面(手前)から貫通,X,82.5,Z,45,Φ6.6,貫通,スピンドルクランプ M6 (現物合わせ)
Z Plate,-Y面(手前)から貫通,X,117.5,Z,45,Φ6.6,貫通,スピンドルクランプ M6 (現物合わせ)
Z Plate,-Y面(手前)から貫通,X,22.5,Z,80,Φ4.5,貫通,Zレール M4 (前面から皿ボルト)
Z Plate,-Y面(手前)から貫通,X,142.5,Z,80,Φ4.5,貫通,Zレール M4 (前面から皿ボルト)
Z Plate,-Y面(手前)から貫通,X,22.5,Z,140,Φ4.5,貫通,Zレール M4 (前面から皿ボルト)
Z Plate,-Y面(手前)から貫通,X,142.5,Z,140,Φ4.5,貫通,Zレール M4 (前面から皿ボルト)
Z Plate,-Y面(手前)から貫通,X,22.5,Z,200,Φ4.5,貫通,Zレール M4 (前面から皿ボルト)
Z Plate,-Y面(手前)から貫通,X,142.5,Z,200,Φ4.5,貫通,Zレール M4 (前面から皿ボルト)
Z Plate,-Y面(手前)から貫通,X,22.5,Z,260,Φ4.5,貫通,Zレール M4 (前面から皿ボルト)
Z Plate,-Y面(手前)から貫通,X,142.5,Z,260,Φ4.5,貫通,Zレール M4 (前面から皿ボルト)
Z Plate,-Y面(手前)から貫通,X,22.5,Z,320,Φ4.5,貫通,Zレール M4 (前面から皿ボルト)
Z Plate,-Y面(手前)から貫通,X,142.5,Z,320,Φ4.5,貫通,Zレール M4 (前面から皿ボルト)
Z Plate,-Y面(手前)から貫通,X,57.5,Z,325,Φ6.6,貫通,Z上部アングル M6
Z Plate,-Y面(手前)から貫通,X,107.5,Z,325,Φ6.6,貫通,Z上部アングル M6
Z Rail Spacer,-Y面(手前)から貫通,X,10,Z,20,Φ4.5,貫通,Zレール M4 (前面から皿ボルト)
Z Rail Spacer,-Y面(手前)から貫通,X,10,Z,80,Φ4.5,貫通,Zレール M4 (前面から皿ボルト)
Z Rail Spacer,-Y面(手前)から貫通,X,10,Z,140,Φ4.5,貫通,Zレール M4 (前面から皿ボルト)
Z Rail Spacer,-Y面(手前)から貫通,X,10,Z,200,Φ4.5,貫通,Zレール M4 (前面から皿ボルト)
Z Rail Spacer,-Y面(手前)から貫通,X,10,Z,260,Φ4.5,貫通,Zレール M4 (前面から皿ボルト)
Z Rail Spacer,-Y面(手前)から貫通,X,10,Z,320,Φ4.5,貫通,Zレール M4 (前面から皿ボルト)
Z Rail Spacer,-Y面(手前)から貫通,X,10,Z,20,Φ4.5,貫通,Zレール M4 (前面から皿ボルト)
Z Rail Spacer,-Y面(手前)から貫通,X,10,Z,80,Φ4.5,貫通,Zレール M4 (前面から皿ボルト)
Z Rail Spacer,-Y面(手前)から貫通,X,10,Z,140,Φ4.5,貫通,Zレール M4 (前面から皿ボルト)
Z Rail Spacer,-Y面(手前)から貫通,X,10,Z,200,Φ4.5,貫通,Zレール M4 (前面から皿ボルト)
Z Rail Spacer,-Y面(手前)から貫通,X,10,Z,260,Φ4.5,貫通,Zレール M4 (前面から皿ボルト)
Z Rail Spacer,-Y面(手前)から貫通,X,10,Z,320,Φ4.5,貫通,Zレール M4 (前面から皿ボルト)
Z Top Angle,+Z面(上)から貫通,X,16.4,Y,15.4,Φ5.5,貫通,HM10-57 M5 (現物合わせ)
Z Top Angle,+Z面(上)から貫通,X,63.6,Y,15.4,Φ5.5,貫通,HM10-57 M5 (現物合わせ)
Z Top Angle,+Z面(上)から貫通,X,40,Y,39,Φ22,貫通,Zねじ逃げ
Z Top Angle,+Z面(上)から貫通,X,16.4,Y,62.6,Φ5.5,貫通,HM10-57 M5 (現物合わせ)
Z Top Angle,+Z面(上)から貫通,X,63.6,Y,62.6,Φ5.5,貫通,HM10-57 M5 (現物合わせ)
Z Top Angle,-Y面(手前)から貫通,X,15,Z,42,Φ6.6,貫通,Z上部アングル M6
Z Top Angle,-Y面(手前)から貫通,X,65,Z,42,Φ6.6,貫通,Z上部アングル M6
